Name,email,dateOfBirth,address,id
Talya Manketell,tbanger23@sbwire.com,"Jan 1, 1970 12:00 AM","Pittsfield, Massachusetts, United States",1
Niccolo Moakes,jspellissy3l@taobao.com,"Jan 1, 1970 12:00 AM","Hampton, Virginia, United States",2
Filmer Raffels,sbohey1y@twitter.com,"Jan 1, 1970 12:00 AM","Burlington, Vermont, United States",3
Stephani McVittie,kgecks20@comsenz.com,"Jan 1, 1970 12:00 AM","Shelton, Connecticut, United States",4
Ruperto Masarrat,aspata6c@redcross.org,"Jan 1, 1970 12:00 AM","Lakewood, California, United States",5
Stuart Bonass,bhollyland3e@prnewswire.com,"Jan 1, 1970 12:00 AM","Cedar Hill, Texas, United States",6
Gun Halward,gdavidi5f@chron.com,"Jan 1, 1970 12:00 AM","Fairfield, Ohio, United States",7
Halie Anersen,mguyi@imdb.com,"Jan 1, 1970 12:00 AM","Jacksonville, North Carolina, United States",8
Hildagarde Iverson,dwhisker2r@topsy.com,"Jan 1, 1970 12:00 AM","Mansfield, Texas, United States",9
Gay Werner,hmacquire3y@fema.gov,"Jan 1, 1970 12:00 AM","Harlingen, Texas, United States",10
Lexy Kubach,cthorold1i@ca.gov,"Jan 1, 1970 12:00 AM","Woonsocket, Rhode Island, United States",11
Heindrick Dobbison,amcleod4s@google.cn,"Jan 1, 1970 12:00 AM","Troy, Michigan, United States",12
Iolande Leverage,tmcquarter21@yale.edu,"Jan 1, 1970 12:00 AM","Euclid, Ohio, United States",13
Neron Hamsley,boliver5v@toplist.cz,"Jan 1, 1970 12:00 AM","Decatur, Alabama, United States",14
Hershel Guy,dwhisker2r@topsy.com,"Jan 1, 1970 12:00 AM","Thousand Oaks, California, United States",15
Ettie Coton,cbartel59@illinois.edu,"Jan 1, 1970 12:00 AM","East Providence, Rhode Island, United States",16
Arlana Spata,balbinw@comcast.net,"Jan 1, 1970 12:00 AM","Riverside, California, United States",17
Katuscha Matissoff,wmacdowal49@wikia.com,"Jan 1, 1970 12:00 AM","Coppell, Texas, United States",18
Pandora Reasce,chelgass33@hhs.gov,"Jan 1, 1970 12:00 AM","Paterson, New Jersey, United States",19
Anita MacCafferky,laery17@mozilla.org,"Jan 1, 1970 12:00 AM","Austin, Texas, United States",20